"Name","Official Name",Alpha-2 Code,Alpha-3 Code,IOC Code,Sudivision Code Link
"Afghanistan","The Islamic Republic of Afghanistan",AF,AFG,AFG,ISO 3166-2:AF
"Åland Islands","Åland",AX,ALA,,ISO 3166-2:AX
"Albania","The Republic of Albania",AL,ALB,ALB,ISO 3166-2:AL
"Algeria","The People's Democratic Republic of Algeria",DZ,DZA,ALG,ISO 3166-2:DZ
"American Samoa","The Territory of American Samoa",AS,ASM,ASA,ISO 3166-2:AS
"Andorra","The Principality of Andorra",AD,AND,AND,ISO 3166-2:AD
"Angola","The Republic of Angola",AO,AGO,ANG,ISO 3166-2:AO
"Anguilla","Anguilla",AI,AIA,,ISO 3166-2:AI
"Antarctica","All land and ice shelves south of the 60th parallel south",AQ,ATA,,ISO 3166-2:AQ
"Antigua and Barbuda","Antigua and Barbuda",AG,ATG,ANT,ISO 3166-2:AG
"Argentina","The Argentine Republic",AR,ARG,ARG,ISO 3166-2:AR
"Armenia","The Republic of Armenia",AM,ARM,ARM,ISO 3166-2:AM
"Aruba","Aruba",AW,ABW,ARU,ISO 3166-2:AW
"Ascension Island","Saint Helena, Ascension and Tristan da Cunha",SH,SHN,,ISO 3166-2:SH
"Australia","The Commonwealth of Australia",AU,AUS,AUS,ISO 3166-2:AU
"Austria","The Republic of Austria",AT,AUT,AUT,ISO 3166-2:AT
"Azerbaijan","The Republic of Azerbaijan",AZ,AZE,AZE,ISO 3166-2:AZ
"Bahamas (the)","The Commonwealth of The Bahamas",BS,BHS,BAH,ISO 3166-2:BS
"Bahrain","The Kingdom of Bahrain",BH,BHR,BRN,ISO 3166-2:BH
"Bangladesh","The People's Republic of Bangladesh",BD,BGD,BAN,ISO 3166-2:BD
"Barbados","Barbados",BB,BRB,BAR,ISO 3166-2:BB
"Belarus","The Republic of Belarus",BY,BLR,BLR,ISO 3166-2:BY
"Belgium","The Kingdom of Belgium",BE,BEL,BEL,ISO 3166-2:BE
"Belize","Belize",BZ,BLZ,BIZ,ISO 3166-2:BZ
"Benin","The Republic of Benin",BJ,BEN,BEN,ISO 3166-2:BJ
"Bermuda","Bermuda",BM,BMU,BER,ISO 3166-2:BM
"Bhutan","The Kingdom of Bhutan",BT,BTN,BHU,ISO 3166-2:BT
"Bolivia (Plurinational State of)","The Plurinational State of Bolivia",BO,BOL,BOL,ISO 3166-2:BO
"Bonaire","Bonaire, Sint Eustatius and Saba",BQ,BES,,ISO 3166-2:BQ
"Bosnia and Herzegovina","Bosnia and Herzegovina",BA,BIH,BIH,ISO 3166-2:BA
"Botswana","The Republic of Botswana",BW,BWA,BOT,ISO 3166-2:BW
"Bouvet Island","Bouvet Island",BV,BVT,,ISO 3166-2:BV
"Brazil","The Federative Republic of Brazil",BR,BRA,BRA,ISO 3166-2:BR
"British Indian Ocean Territory (the)","The British Indian Ocean Territory",IO,IOT,,ISO 3166-2:IO
"Brunei Darussalam","The Nation of Brunei, the Abode of Peace",BN,BRN,BRU,ISO 3166-2:BN
"Bulgaria","The Republic of Bulgaria",BG,BGR,BUL,ISO 3166-2:BG
"Burkina Faso","Burkina Faso",BF,BFA,BUR,ISO 3166-2:BF
"Burundi","The Republic of Burundi",BI,BDI,BDI,ISO 3166-2:BI
"Cabo Verde","The Republic of Cabo Verde",CV,CPV,CPV,ISO 3166-2:CV
"Cambodia","The Kingdom of Cambodia",KH,KHM,CAM,ISO 3166-2:KH
"Cameroon","The Republic of Cameroon",CM,CMR,CMR,ISO 3166-2:CM
"Canada","Canada",CA,CAN,CAN,ISO 3166-2:CA
"Cayman Islands (the)","The Cayman Islands",KY,CYM,CAY,ISO 3166-2:KY
"Central African Republic (the)","The Central African Republic",CF,CAF,CAF,ISO 3166-2:CF
"Chad","The Republic of Chad",TD,TCD,CHA,ISO 3166-2:TD
"Chile","The Republic of Chile",CL,CHL,CHI,ISO 3166-2:CL
"China","The People's Republic of China",CN,CHN,CHN,ISO 3166-2:CN
"Christmas Island","The Territory of Christmas Island",CX,CXR,,ISO 3166-2:CX
"Cocos (Keeling) Islands (the)","The Territory of Cocos (Keeling) Islands",CC,CCK,,ISO 3166-2:CC
"Colombia","The Republic of Colombia",CO,COL,COL,ISO 3166-2:CO
"Comoros (the)","The Union of the Comoros",KM,COM,COM,ISO 3166-2:KM
"Congo (the Democratic Republic of the)","The Democratic Republic of the Congo",CD,COD,COD,ISO 3166-2:CD
"Congo (the)","The Republic of the Congo",CG,COG,CGO,ISO 3166-2:CG
"Cook Islands (the)","The Cook Islands",CK,COK,COK,ISO 3166-2:CK
"Costa Rica","The Republic of Costa Rica",CR,CRI,CRC,ISO 3166-2:CR
"Côte d'Ivoire","The Republic of Côte d'Ivoire",CI,CIV,CIV,ISO 3166-2:CI
"Croatia","The Republic of Croatia",HR,HRV,CRO,ISO 3166-2:HR
"Cuba","The Republic of Cuba",CU,CUB,CUB,ISO 3166-2:CU
"Curaçao","The Country of Curaçao",CW,CUW,,ISO 3166-2:CW
"Cyprus","The Republic of Cyprus",CY,CYP,CYP,ISO 3166-2:CY
"Czechia","The Czech Republic",CZ,CZE,CZE,ISO 3166-2:CZ
"Denmark","The Kingdom of Denmark",DK,DNK,DEN,ISO 3166-2:DK
"Djibouti","The Republic of Djibouti",DJ,DJI,DJI,ISO 3166-2:DJ
"Dominica","The Commonwealth of Dominica",DM,DMA,DMA,ISO 3166-2:DM
"Dominican Republic (the)","The Dominican Republic",DO,DOM,DOM,ISO 3166-2:DO
"Ecuador","The Republic of Ecuador",EC,ECU,ECU,ISO 3166-2:EC
"Egypt","The Arab Republic of Egypt",EG,EGY,EGY,ISO 3166-2:EG
"El Salvador","The Republic of El Salvador",SV,SLV,ESA,ISO 3166-2:SV
"Equatorial Guinea","The Republic of Equatorial Guinea",GQ,GNQ,GEQ,ISO 3166-2:GQ
"Eritrea","The State of Eritrea",ER,ERI,ERI,ISO 3166-2:ER
"Estonia","The Republic of Estonia",EE,EST,EST,ISO 3166-2:EE
"Eswatini","The Kingdom of Eswatini",SZ,SWZ,SWZ,ISO 3166-2:SZ
"Ethiopia","The Federal Democratic Republic of Ethiopia",ET,ETH,ETH,ISO 3166-2:ET
"Falkland Islands (the) [Malvinas]","The Falkland Islands",FK,FLK,,ISO 3166-2:FK
"Faroe Islands (the)","The Faroe Islands",FO,FRO,,ISO 3166-2:FO
"Fiji","The Republic of Fiji",FJ,FJI,FIJ,ISO 3166-2:FJ
"Finland","The Republic of Finland",FI,FIN,FIN,ISO 3166-2:FI
"France","The French Republic",FR,FRA,FRA,ISO 3166-2:FR
"French Guiana","Guyane",GF,GUF,,ISO 3166-2:GF
"French Polynesia","French Polynesia",PF,PYF,,ISO 3166-2:PF
"French Southern Territories (the)","The French Southern and Antarctic Lands",TF,ATF,,ISO 3166-2:TF
"Gabon","The Gabonese Republic",GA,GAB,GAB,ISO 3166-2:GA
"Gambia (the)","The Republic of The Gambia",GM,GMB,GAM,ISO 3166-2:GM
"Georgia","Georgia",GE,GEO,GEO,ISO 3166-2:GE
"Germany","The Federal Republic of Germany",DE,DEU,GER,ISO 3166-2:DE
"Ghana","The Republic of Ghana",GH,GHA,GHA,ISO 3166-2:GH
"Gibraltar","Gibraltar",GI,GIB,,ISO 3166-2:GI
"Greece","The Hellenic Republic",GR,GRC,GRE,ISO 3166-2:GR
"Greenland","Kalaallit Nunaat",GL,GRL,,ISO 3166-2:GL
"Grenada","Grenada",GD,GRD,GRN,ISO 3166-2:GD
"Guadeloupe","Guadeloupe",GP,GLP,,ISO 3166-2:GP
"Guam","The Territory of Guam",GU,GUM,GUM,ISO 3166-2:GU
"Guatemala","The Republic of Guatemala",GT,GTM,GUA,ISO 3166-2:GT
"Guernsey","The Bailiwick of Guernsey",GG,GGY,,ISO 3166-2:GG
"Guinea","The Republic of Guinea",GN,GIN,GUI,ISO 3166-2:GN
"Guinea-Bissau","The Republic of Guinea-Bissau",GW,GNB,GBS,ISO 3166-2:GW
"Guyana","The Co-operative Republic of Guyana",GY,GUY,GUY,ISO 3166-2:GY
"Haiti","The Republic of Haiti",HT,HTI,HAI,ISO 3166-2:HT
"Heard Island and McDonald Islands","The Territory of Heard Island and McDonald Islands",HM,HMD,,ISO 3166-2:HM
"Holy See (the)","The Holy See",VA,VAT,,ISO 3166-2:VA
"Honduras","The Republic of Honduras",HN,HND,HON,ISO 3166-2:HN
"Hong Kong","The Hong Kong Special Administrative Region of China",HK,HKG,HKG,ISO 3166-2:HK
"Hungary","Hungary",HU,HUN,HUN,ISO 3166-2:HU
"Iceland","Iceland",IS,ISL,ISL,ISO 3166-2:IS
"India","The Republic of India",IN,IND,IND,ISO 3166-2:IN
"Indonesia","The Republic of Indonesia",ID,IDN,INA,ISO 3166-2:ID
"Iran (Islamic Republic of)","The Islamic Republic of Iran",IR,IRN,IRI,ISO 3166-2:IR
"Iraq","The Republic of Iraq",IQ,IRQ,IRQ,ISO 3166-2:IQ
"Ireland","Ireland",IE,IRL,IRL,ISO 3166-2:IE
"Isle of Man","The Isle of Man",IM,IMN,,ISO 3166-2:IM
"Israel","The State of Israel",IL,ISR,ISR,ISO 3166-2:IL
"Italy","The Italian Republic",IT,ITA,ITA,ISO 3166-2:IT
"Jamaica","Jamaica",JM,JAM,JAM,ISO 3166-2:JM
"Jan Mayen","Svalbard and Jan Mayen",SJ,SJM,,ISO 3166-2:SJ
"Japan","Japan",JP,JPN,JPN,ISO 3166-2:JP
"Jersey","The Bailiwick of Jersey",JE,JEY,,ISO 3166-2:JE
"Jordan","The Hashemite Kingdom of Jordan",JO,JOR,JOR,ISO 3166-2:JO
"Kazakhstan","The Republic of Kazakhstan",KZ,KAZ,KAZ,ISO 3166-2:KZ
"Kenya","The Republic of Kenya",KE,KEN,KEN,ISO 3166-2:KE
"Kiribati","The Republic of Kiribati",KI,KIR,KIR,ISO 3166-2:KI
"Korea (the Democratic People's Republic of)","The Democratic People's Republic of Korea",KP,PRK,PRK,ISO 3166-2:KP
"Korea (the Republic of)","The Republic of Korea",KR,KOR,KOR,ISO 3166-2:KR
"Kuwait","The State of Kuwait",KW,KWT,KUW,ISO 3166-2:KW
"Kyrgyzstan","The Kyrgyz Republic",KG,KGZ,KGZ,ISO 3166-2:KG
"Lao People's Democratic Republic (the)","The Lao People's Democratic Republic",LA,LAO,LAO,ISO 3166-2:LA
"Latvia","The Republic of Latvia",LV,LVA,LAT,ISO 3166-2:LV
"Lebanon","The Lebanese Republic",LB,LBN,LBN,ISO 3166-2:LB
"Lesotho","The Kingdom of Lesotho",LS,LSO,LES,ISO 3166-2:LS
"Liberia","The Republic of Liberia",LR,LBR,LBR,ISO 3166-2:LR
"Libya","The State of Libya",LY,LBY,LBA,ISO 3166-2:LY
"Liechtenstein","The Principality of Liechtenstein",LI,LIE,LIE,ISO 3166-2:LI
"Lithuania","The Republic of Lithuania",LT,LTU,LTU,ISO 3166-2:LT
"Luxembourg","The Grand Duchy of Luxembourg",LU,LUX,LUX,ISO 3166-2:LU
"Macao","Macao Special Administrative Region of China",MO,MAC,,ISO 3166-2:MO
"Madagascar","The Republic of Madagascar",MG,MDG,MAD,ISO 3166-2:MG
"Malawi","The Republic of Malawi",MW,MWI,MAW,ISO 3166-2:MW
"Malaysia","Malaysia",MY,MYS,MAS,ISO 3166-2:MY
"Maldives","The Republic of Maldives",MV,MDV,MDV,ISO 3166-2:MV
"Mali","The Republic of Mali",ML,MLI,MLI,ISO 3166-2:ML
"Malta","The Republic of Malta",MT,MLT,MLT,ISO 3166-2:MT
"Marshall Islands (the)","The Republic of the Marshall Islands",MH,MHL,MHL,ISO 3166-2:MH
"Martinique","Martinique",MQ,MTQ,,ISO 3166-2:MQ
"Mauritania","The Islamic Republic of Mauritania",MR,MRT,MTN,ISO 3166-2:MR
"Mauritius","The Republic of Mauritius",MU,MUS,MRI,ISO 3166-2:MU
"Mayotte","The Department of Mayotte",YT,MYT,,ISO 3166-2:YT
"Mexico","The United Mexican States",MX,MEX,MEX,ISO 3166-2:MX
"Micronesia (Federated States of)","The Federated States of Micronesia",FM,FSM,FSM,ISO 3166-2:FM
"Moldova (the Republic of)","The Republic of Moldova",MD,MDA,MDA,ISO 3166-2:MD
"Monaco","The Principality of Monaco",MC,MCO,MON,ISO 3166-2:MC
"Mongolia","The State of Mongolia",MN,MNG,MGL,ISO 3166-2:MN
"Montenegro","Montenegro",ME,MNE,MNE,ISO 3166-2:ME
"Montserrat","Montserrat",MS,MSR,,ISO 3166-2:MS
"Morocco","The Kingdom of Morocco",MA,MAR,MAR,ISO 3166-2:MA
"Mozambique","The Republic of Mozambique",MZ,MOZ,MOZ,ISO 3166-2:MZ
"Myanmar","The Republic of the Union of Myanmar",MM,MMR,MYA,ISO 3166-2:MM
"Namibia","The Republic of Namibia",NA,NAM,NAM,ISO 3166-2:NA
"Nauru","The Republic of Nauru",NR,NRU,NRU,ISO 3166-2:NR
"Nepal","The Federal Democratic Republic of Nepal",NP,NPL,NEP,ISO 3166-2:NP
"Netherlands (the)","The Kingdom of the Netherlands",NL,NLD,NED,ISO 3166-2:NL
"New Caledonia","New Caledonia",NC,NCL,,ISO 3166-2:NC
"New Zealand","New Zealand",NZ,NZL,NZL,ISO 3166-2:NZ
"Nicaragua","The Republic of Nicaragua",NI,NIC,NCA,ISO 3166-2:NI
"Niger (the)","The Republic of the Niger",NE,NER,NIG,ISO 3166-2:NE
"Nigeria","The Federal Republic of Nigeria",NG,NGA,NGR,ISO 3166-2:NG
"Niue","Niue",NU,NIU,,ISO 3166-2:NU
"Norfolk Island","The Territory of Norfolk Island",NF,NFK,,ISO 3166-2:NF
"North Macedonia","Republic of North Macedonia",MK,MKD,MKD,ISO 3166-2:MK
"Northern Mariana Islands (the)","The Commonwealth of the Northern Mariana Islands",MP,MNP,,ISO 3166-2:MP
"Norway","The Kingdom of Norway",NO,NOR,NOR,ISO 3166-2:NO
"Oman","The Sultanate of Oman",OM,OMN,OMA,ISO 3166-2:OM
"Pakistan","The Islamic Republic of Pakistan",PK,PAK,PAK,ISO 3166-2:PK
"Palau","The Republic of Palau",PW,PLW,PLW,ISO 3166-2:PW
"Palestine State of","The State of Palestine",PS,PSE,PLE,ISO 3166-2:PS
"Panama","The Republic of Panamá",PA,PAN,PAN,ISO 3166-2:PA
"Papua New Guinea","The Independent State of Papua New Guinea",PG,PNG,PNG,ISO 3166-2:PG
"Paraguay","The Republic of Paraguay",PY,PRY,PAR,ISO 3166-2:PY
"Peru","The Republic of Perú",PE,PER,PER,ISO 3166-2:PE
"Philippines (the)","The Republic of the Philippines",PH,PHL,PHI,ISO 3166-2:PH
"Pitcairn","The Pitcairn, Henderson, Ducie and Oeno Islands",PN,PCN,,ISO 3166-2:PN
"Poland","The Republic of Poland",PL,POL,POL,ISO 3166-2:PL
"Portugal","The Portuguese Republic",PT,PRT,POR,ISO 3166-2:PT
"Puerto Rico","The Commonwealth of Puerto Rico",PR,PRI,PUR,ISO 3166-2:PR
"Qatar","The State of Qatar",QA,QAT,QAT,ISO 3166-2:QA
"Réunion","Réunion",RE,REU,,ISO 3166-2:RE
"Romania","Romania",RO,ROU,ROU,ISO 3166-2:RO
"Russian Federation (the)","The Russian Federation",RU,RUS,RUS,ISO 3166-2:RU
"Rwanda","The Republic of Rwanda",RW,RWA,RWA,ISO 3166-2:RW
"Saba","Bonaire, Sint Eustatius and Saba",BQ,BES,,ISO 3166-2:BQ
"Saint Barthélemy","The Collectivity of Saint-Barthélemy",BL,BLM,,ISO 3166-2:BL
"Saint Helena","Saint Helena, Ascension and Tristan da Cunha",SH,SHN,,ISO 3166-2:SH
"Saint Kitts and Nevis","Saint Kitts and Nevis",KN,KNA,SKN,ISO 3166-2:KN
"Saint Lucia","Saint Lucia",LC,LCA,LCA,ISO 3166-2:LC
"Saint Martin (French part)","The Collectivity of Saint-Martin",MF,MAF,,ISO 3166-2:MF
"Saint Pierre and Miquelon","The Overseas Collectivity of Saint-Pierre and Miquelon",PM,SPM,,ISO 3166-2:PM
"Saint Vincent and the Grenadines","Saint Vincent and the Grenadines",VC,VCT,VIN,ISO 3166-2:VC
"Samoa","The Independent State of Samoa",WS,WSM,SAM,ISO 3166-2:WS
"San Marino","The Republic of San Marino",SM,SMR,SMR,ISO 3166-2:SM
"Sao Tome and Principe","The Democratic Republic of São Tomé and Príncipe",ST,STP,STP,ISO 3166-2:ST
"Saudi Arabia","The Kingdom of Saudi Arabia",SA,SAU,KSA,ISO 3166-2:SA
"Senegal","The Republic of Senegal",SN,SEN,SEN,ISO 3166-2:SN
"Serbia","The Republic of Serbia",RS,SRB,SRB,ISO 3166-2:RS
"Seychelles","The Republic of Seychelles",SC,SYC,SEY,ISO 3166-2:SC
"Sierra Leone","The Republic of Sierra Leone",SL,SLE,SLE,ISO 3166-2:SL
"Singapore","The Republic of Singapore",SG,SGP,SGP,ISO 3166-2:SG
"Sint Eustatius","Bonaire, Sint Eustatius and Saba",BQ,BES,,ISO 3166-2:BQ
"Sint Maarten (Dutch part)","Sint Maarten",SX,SXM,,ISO 3166-2:SX
"Slovakia","The Slovak Republic",SK,SVK,SVK,ISO 3166-2:SK
"Slovenia","The Republic of Slovenia",SI,SVN,SLO,ISO 3166-2:SI
"Solomon Islands","The Solomon Islands",SB,SLB,SOL,ISO 3166-2:SB
"Somalia","The Federal Republic of Somalia",SO,SOM,SOM,ISO 3166-2:SO
"South Africa","The Republic of South Africa",ZA,ZAF,RSA,ISO 3166-2:ZA
"South Georgia and the South Sandwich Islands","South Georgia and the South Sandwich Islands",GS,SGS,,ISO 3166-2:GS
"South Sudan","The Republic of South Sudan",SS,SSD,SSD,ISO 3166-2:SS
"Spain","The Kingdom of Spain",ES,ESP,ESP,ISO 3166-2:ES
"Sri Lanka","The Democratic Socialist Republic of Sri Lanka",LK,LKA,SRI,ISO 3166-2:LK
"Sudan (the)","The Republic of the Sudan",SD,SDN,SUD,ISO 3166-2:SD
"Suriname","The Republic of Suriname",SR,SUR,SUR,ISO 3166-2:SR
"Svalbard","Svalbard and Jan Mayen",SJ,SJM,,ISO 3166-2:SJ
"Sweden","The Kingdom of Sweden",SE,SWE,SWE,ISO 3166-2:SE
"Switzerland","The Swiss Confederation",CH,CHE,SUI,ISO 3166-2:CH
"Syrian Arab Republic (the)","The Syrian Arab Republic",SY,SYR,SYR,ISO 3166-2:SY
"Taiwan (Province of China)","The Republic of China",TW,TWN,TPE,ISO 3166-2:TW
"Tajikistan","The Republic of Tajikistan",TJ,TJK,TJK,ISO 3166-2:TJ
"Tanzania the United Republic of","The United Republic of Tanzania",TZ,TZA,TAN,ISO 3166-2:TZ
"Thailand","The Kingdom of Thailand",TH,THA,THA,ISO 3166-2:TH
"Timor-Leste","The Democratic Republic of Timor-Leste",TL,TLS,TLS,ISO 3166-2:TL
"Togo","The Togolese Republic",TG,TGO,TOG,ISO 3166-2:TG
"Tokelau","Tokelau",TK,TKL,,ISO 3166-2:TK
"Tonga","The Kingdom of Tonga",TO,TON,TGA,ISO 3166-2:TO
"Trinidad and Tobago","The Republic of Trinidad and Tobago",TT,TTO,TTO,ISO 3166-2:TT
"Tristan da Cunha","Saint Helena, Ascension and Tristan da Cunha",SH,SHN,,ISO 3166-2:SH
"Tunisia","The Republic of Tunisia",TN,TUN,TUN,ISO 3166-2:TN
"Turkey","The Republic of Turkey",TR,TUR,TUR,ISO 3166-2:TR
"Turkmenistan","Turkmenistan",TM,TKM,TKM,ISO 3166-2:TM
"Turks and Caicos Islands (the)","The Turks and Caicos Islands",TC,TCA,,ISO 3166-2:TC
"Tuvalu","Tuvalu",TV,TUV,TUV,ISO 3166-2:TV
"Uganda","The Republic of Uganda",UG,UGA,UGA,ISO 3166-2:UG
"Ukraine","Ukraine",UA,UKR,UKR,ISO 3166-2:UA
"United Arab Emirates (the)","The United Arab Emirates",AE,ARE,UAE,ISO 3166-2:AE
"United Kingdom of Great Britain and Northern Ireland (the)","The United Kingdom of Great Britain and Northern Ireland",GB,GBR,,ISO 3166-2:GB
"United States Minor Outlying Islands (the)","Baker Island, Howland Island, Jarvis Island, Johnston Atoll, Kingman Reef, Midway Atoll, Navassa Island, Palmyra Atoll, and Wake Island",UM,UMI,,ISO 3166-2:UM
"United States of America (the)","The United States of America",US,USA,USA,ISO 3166-2:US
"Uruguay","The Oriental Republic of Uruguay",UY,URY,URU,ISO 3166-2:UY
"Uzbekistan","The Republic of Uzbekistan",UZ,UZB,UZB,ISO 3166-2:UZ
"Vanuatu","The Republic of Vanuatu",VU,VUT,VAN,ISO 3166-2:VU
"Venezuela (Bolivarian Republic of)","The Bolivarian Republic of Venezuela",VE,VEN,VEN,ISO 3166-2:VE
"Viet Nam","The Socialist Republic of Viet Nam",VN,VNM,VIE,ISO 3166-2:VN
"Virgin Islands (British)","The Virgin Islands",VG,VGB,IVB,ISO 3166-2:VG
"Virgin Islands (U.S.)","The Virgin Islands of the United States",VI,VIR,ISV,ISO 3166-2:VI
"Wallis and Futuna","The Territory of the Wallis and Futuna Islands",WF,WLF,,ISO 3166-2:WF
"Western Sahara","The Sahrawi Arab Democratic Republic",EH,ESH,,ISO 3166-2:EH
"Yemen","The Republic of Yemen",YE,YEM,YEM,ISO 3166-2:YE
"Zambia","The Republic of Zambia",ZM,ZMB,ZAM,ISO 3166-2:ZM
"Zimbabwe","The Republic of Zimbabwe",ZW,ZWE,ZIM,ISO 3166-2:ZW