Name,ISO Alpha-2 Code,ISO Alpha-3 Code,IOC Code,Anthem,Flag
Afghanistan,AF,AFG,,Afghanistan.mp3,AFG.gif
Aland Islands,AX,ALA,,Aland Islands.mp3,ALA.gif
Albania,AL,ALB,,Albania.mp3,ALB.gif
Algeria,DZ,DZA,,Algeria.mp3,DZA.gif
American Samoa,AS,ASM,,American Samoa.mp3,ASM.gif
Andorra,AD,AND,,Andorra.mp3,AND.gif
Angola,AO,AGO,,Angola.mp3,AGO.gif
Anguilla,AI,AIA,,Anguilla.mp3,AIA.gif
Antarctica,AQ,ATA,,Antarctica.mp3,ATA.gif
Antigua and Barbuda,AG,ATG,,Antigua and Barbuda.mp3,ATG.gif
Argentina,AR,ARG,,Argentina.mp3,ARG.gif
Armenia,AM,ARM,,Armenia.mp3,ARM.gif
Aruba,AW,ABW,,Aruba.mp3,ABW.gif
Australia,AU,AUS,,Australia.mp3,AUS.gif
Austria,AT,AUT,,Austria.mp3,AUT.gif
Azerbaijan,AZ,AZE,,Azerbaijan.mp3,AZE.gif
Bahamas,BS,BHS,,Bahamas.mp3,BHS.gif
Bahrain,BH,BHR,,Bahrain.mp3,BHR.gif
Bangladesh,BD,BGD,,Bangladesh.mp3,BGD.gif
Barbados,BB,BRB,,Barbados.mp3,BRB.gif
Belarus,BY,BLR,,Belarus.mp3,BLR.gif
Belgium,BE,BEL,,Belgium.mp3,BEL.gif
Belize,BZ,BLZ,,Belize.mp3,BLZ.gif
Benin,BJ,BEN,,Benin.mp3,BEN.gif
Bermuda,BM,BMU,,Bermuda.mp3,BMU.gif
Bhutan,BT,BTN,,Bhutan.mp3,BTN.gif
Bolivia (Plurinational State of),BO,BOL,,Bolivia (Plurinational State of).mp3,BOL.gif
"Bonaire, Sint Eustatius and Saba",BQ,BES,,"Bonaire, Sint Eustatius and Saba.mp3",BES.gif
Bosnia and Herzegovina,BA,BIH,,Bosnia and Herzegovina.mp3,BIH.gif
Botswana,BW,BWA,,Botswana.mp3,BWA.gif
Bouvet Island,BV,BVT,,Bouvet Island.mp3,BVT.gif
Brazil,BR,BRA,,Brazil.mp3,BRA.gif
British Indian Ocean Territory,IO,IOT,,British Indian Ocean Territory.mp3,IOT.gif
Brunei Darussalam,BN,BRN,,Brunei Darussalam.mp3,BRN.gif
Bulgaria,BG,BGR,,Bulgaria.mp3,BGR.gif
Burkina Faso,BF,BFA,,Burkina Faso.mp3,BFA.gif
Burundi,BI,BDI,,Burundi.mp3,BDI.gif
Cabo Verde,CV,CPV,,Cabo Verde.mp3,CPV.gif
Cambodia,KH,KHM,,Cambodia.mp3,KHM.gif
Cameroon,CM,CMR,,Cameroon.mp3,CMR.gif
Canada,CA,CAN,,Canada.mp3,CAN.gif
Cape Verde,CPV,CPV,,Cape Verde.mp3,CPV.gif
Cayman Islands,KY,CYM,,Cayman Islands.mp3,CYM.gif
Central African Republic,CF,CAF,,Central African Republic.mp3,CAF.gif
Chad,TD,TCD,,Chad.mp3,TCD.gif
Chile,CL,CHL,,Chile.mp3,CHL.gif
China,CN,CHN,,China.mp3,CHN.gif
Christmas Island,CX,CXR,,Christmas Island.mp3,CXR.gif
Cocos (Keeling) Islands,CC,CCK,,Cocos (Keeling) Islands.mp3,CCK.gif
Colombia,CO,COL,,Colombia.mp3,COL.gif
Comoros,KM,COM,,Comoros.mp3,COM.gif
Congo,CG,COG,,Congo.mp3,COG.gif
"Congo, Democratic Republic of the",CD,COD,,"Congo, Democratic Republic of the.mp3",COD.gif
Cook Islands,CK,COK,,Cook Islands.mp3,COK.gif
Costa Rica,CR,CRI,,Costa Rica.mp3,CRI.gif
Cote d'Ivoire,CI,CIV,,Cote d'Ivoire.mp3,CIV.gif
Croatia,HR,HRV,,Croatia.mp3,HRV.gif
Cuba,CU,CUB,,Cuba.mp3,CUB.gif
Curacao,CW,CUW,,Curacao.mp3,CUW.gif
Cyprus,CY,CYP,,Cyprus.mp3,CYP.gif
Czechia,CZ,CZE,,Czechia.mp3,CZE.gif
Denmark,DK,DNK,,Denmark.mp3,DNK.gif
Djibouti,DJ,DJI,,Djibouti.mp3,DJI.gif
Dominica,DM,DMA,,Dominica.mp3,DMA.gif
Dominican Republic,DO,DOM,,Dominican Republic.mp3,DOM.gif
Ecuador,EC,ECU,,Ecuador.mp3,ECU.gif
Egypt,EG,EGY,,Egypt.mp3,EGY.gif
El Salvador,SV,SLV,,El Salvador.mp3,SLV.gif
Equatorial Guinea,GQ,GNQ,,Equatorial Guinea.mp3,GNQ.gif
Eritrea,ER,ERI,,Eritrea.mp3,ERI.gif
Estonia,EE,EST,,Estonia.mp3,EST.gif
Eswatini,SZ,SWZ,,Eswatini.mp3,SWZ.gif
Ethiopia,ET,ETH,,Ethiopia.mp3,ETH.gif
Falkland Islands (Islas Malvinas),FK,FLK,,Falkland Islands (Islas Malvinas).mp3,FLK.gif
Faroe Islands,FO,FRO,,Faroe Islands.mp3,FRO.gif
Fiji,FJ,FJI,,Fiji.mp3,FJI.gif
Finland,FI,FIN,,Finland.mp3,FIN.gif
France,FR,FRA,,France.mp3,FRA.gif
French Guiana,GF,GUF,,French Guiana.mp3,GUF.gif
French Polynesia,PF,PYF,,French Polynesia.mp3,PYF.gif
French Southern Territories,TF,ATF,,French Southern Territories.mp3,ATF.gif
Gabon,GA,GAB,,Gabon.mp3,GAB.gif
Gambia,GM,GMB,,Gambia.mp3,GMB.gif
Georgia,GE,GEO,,Georgia.mp3,GEO.gif
Germany,DE,DEU,,Germany.mp3,DEU.gif
Ghana,GH,GHA,,Ghana.mp3,GHA.gif
Gibraltar,GI,GIB,,Gibraltar.mp3,GIB.gif
Greece,GR,GRC,,Greece.mp3,GRC.gif
Greenland,GL,GRL,,Greenland.mp3,GRL.gif
Grenada,GD,GRD,,Grenada.mp3,GRD.gif
Guadeloupe,GP,GLP,,Guadeloupe.mp3,GLP.gif
Guam,GU,GUM,,Guam.mp3,GUM.gif
Guatemala,GT,GTM,,Guatemala.mp3,GTM.gif
Guernsey,GG,GGY,,Guernsey.mp3,GGY.gif
Guinea,GN,GIN,,Guinea.mp3,GIN.gif
Guinea-Bissau,GW,GNB,,Guinea-Bissau.mp3,GNB.gif
Guyana,GY,GUY,,Guyana.mp3,GUY.gif
Haiti,HT,HTI,,Haiti.mp3,HTI.gif
Heard Island and McDonald Islands,HM,HMD,,Heard Island and McDonald Islands.mp3,HMD.gif
Honduras,HN,HND,,Honduras.mp3,HND.gif
Hong Kong,HK,HKG,,Hong Kong.mp3,HKG.gif
Hungary,HU,HUN,,Hungary.mp3,HUN.gif
Iceland,IS,ISL,,Iceland.mp3,ISL.gif
India,IN,IND,,India.mp3,IND.gif
Indonesia,ID,IDN,,Indonesia.mp3,IDN.gif
Iran (Islamic Republic of),IR,IRN,,Iran (Islamic Republic of).mp3,IRN.gif
Iraq,IQ,IRQ,,Iraq.mp3,IRQ.gif
Ireland,IE,IRL,,Ireland.mp3,IRL.gif
Isle of Man,IM,IMN,,Isle of Man.mp3,IMN.gif
Israel,IL,ISR,,Israel.mp3,ISR.gif
Italy,IT,ITA,,Italy.mp3,ITA.gif
Jamaica,JM,JAM,,Jamaica.mp3,JAM.gif
Japan,JP,JPN,,Japan.mp3,JPN.gif
Jersey,JE,JEY,,Jersey.mp3,JEY.gif
Jordan,JO,JOR,,Jordan.mp3,JOR.gif
Kazakhstan,KZ,KAZ,,Kazakhstan.mp3,KAZ.gif
Kenya,KE,KEN,,Kenya.mp3,KEN.gif
Kiribati,KI,KIR,,Kiribati.mp3,KIR.gif
Korea (Democratic People's Republic of),KP,PRK,,Korea (Democratic People's Republic of).mp3,PRK.gif
"Korea, Republic of",KR,KOR,,"Korea, Republic of.mp3",KOR.gif
Kosovo,KOS,SRB,,Kosovo.mp3,Kosovo.gif
Kuwait,KW,KWT,,Kuwait.mp3,KWT.gif
Kyrgyzstan,KG,KGZ,,Kyrgyzstan.mp3,KGZ.gif
Lao People's Democratic Republic,LA,LAO,,Lao People's Democratic Republic.mp3,LAO.gif
Latvia,LV,LVA,,Latvia.mp3,LVA.gif
Lebanon,LB,LBN,,Lebanon.mp3,LBN.gif
Lesotho,LS,LSO,,Lesotho.mp3,LSO.gif
Liberia,LR,LBR,,Liberia.mp3,LBR.gif
Libya,LY,LBY,,Libya.mp3,LBY.gif
Liechtenstein,LI,LIE,,Liechtenstein.mp3,LIE.gif
Lithuania,LT,LTU,,Lithuania.mp3,LTU.gif
Luxembourg,LU,LUX,,Luxembourg.mp3,LUX.gif
Macao,MO,MAC,,Macao.mp3,MAC.gif
Madagascar,MG,MDG,,Madagascar.mp3,MDG.gif
Malawi,MW,MWI,,Malawi.mp3,MWI.gif
Malaysia,MY,MYS,,Malaysia.mp3,MYS.gif
Maldives,MV,MDV,,Maldives.mp3,MDV.gif
Mali,ML,MLI,,Mali.mp3,MLI.gif
Malta,MT,MLT,,Malta.mp3,MLT.gif
Marshall Islands,MH,MHL,,Marshall Islands.mp3,MHL.gif
Martinique,MQ,MTQ,,Martinique.mp3,MTQ.gif
Mauritania,MR,MRT,,Mauritania.mp3,MRT.gif
Mauritius,MU,MUS,,Mauritius.mp3,MUS.gif
Mayotte,YT,MYT,,Mayotte.mp3,MYT.gif
Mexico,MX,MEX,,Mexico.mp3,MEX.gif
Micronesia (Federated States of),FM,FSM,,Micronesia (Federated States of).mp3,FSM.gif
"Moldova, Republic of",MD,MDA,,"Moldova, Republic of.mp3",MDA.gif
Monaco,MC,MCO,,Monaco.mp3,MCO.gif
Mongolia,MN,MNG,,Mongolia.mp3,MNG.gif
Montenegro,ME,MNE,,Montenegro.mp3,MNE.gif
Montserrat,MS,MSR,,Montserrat.mp3,MSR.gif
Morocco,MA,MAR,,Morocco.mp3,MAR.gif
Mozambique,MZ,MOZ,,Mozambique.mp3,MOZ.gif
Myanmar,MM,MMR,,Myanmar.mp3,MMR.gif
Namibia,NA,NAM,,Namibia.mp3,NAM.gif
Nauru,NR,NRU,,Nauru.mp3,NRU.gif
Nepal,NP,NPL,,Nepal.mp3,NPL.gif
Netherlands,NL,NLD,,Netherlands.mp3,NLD.gif
New Caledonia,NC,NCL,,New Caledonia.mp3,NCL.gif
New Zealand,NZ,NZL,,New Zealand.mp3,NZL.gif
Nicaragua,NI,NIC,,Nicaragua.mp3,NIC.gif
Niger,NE,NER,,Niger.mp3,NER.gif
Nigeria,NG,NGA,,Nigeria.mp3,NGA.gif
Niue,NU,NIU,,Niue.mp3,NIU.gif
Norfolk Island,NF,NFK,,Norfolk Island.mp3,NFK.gif
North Macedonia,MK,MKD,,North Macedonia.mp3,MKD.gif
Northern Mariana Islands,MP,MNP,,Northern Mariana Islands.mp3,MNP.gif
Norway,NO,NOR,,Norway.mp3,NOR.gif
Oman,OM,OMN,,Oman.mp3,OMN.gif
Pakistan,PK,PAK,,Pakistan.mp3,PAK.gif
Palau,PW,PLW,,Palau.mp3,PLW.gif
"Palestine, State of",PS,PSE,,"Palestine, State of.mp3",PSE.gif
Panama,PA,PAN,,Panama.mp3,PAN.gif
Papua New Guinea,PG,PNG,,Papua New Guinea.mp3,PNG.gif
Paraguay,PY,PRY,,Paraguay.mp3,PRY.gif
Peru,PE,PER,,Peru.mp3,PER.gif
Philippines,PH,PHL,,Philippines.mp3,PHL.gif
Pitcairn,PN,PCN,,Pitcairn.mp3,PCN.gif
Poland,PL,POL,,Poland.mp3,POL.gif
Portugal,PT,PRT,,Portugal.mp3,PRT.gif
Puerto Rico,PR,PRI,,Puerto Rico.mp3,PRI.gif
Qatar,QA,QAT,,Qatar.mp3,QAT.gif
Reunion,RE,REU,,Reunion.mp3,REU.gif
Romania,RO,ROU,,Romania.mp3,ROU.gif
Russian Federation,RU,RUS,,Russian Federation.mp3,RUS.gif
Rwanda,RW,RWA,,Rwanda.mp3,RWA.gif
Saint Barthelemy,BL,BLM,,Saint Barthelemy.mp3,BLM.gif
"Saint Helena, Ascension and Tristan da Cunha",SH,SHN,,"Saint Helena, Ascension and Tristan da Cunha.mp3",SHN.gif
Saint Kitts and Nevis,KN,KNA,,Saint Kitts and Nevis.mp3,KNA.gif
Saint Lucia,LC,LCA,,Saint Lucia.mp3,LCA.gif
Saint Martin (French part),MF,MAF,,Saint Martin (French part).mp3,MAF.gif
Saint Pierre and Miquelon,PM,SPM,,Saint Pierre and Miquelon.mp3,SPM.gif
Saint Vincent and the Grenadines,VC,VCT,,Saint Vincent and the Grenadines.mp3,VCT.gif
Samoa,WS,WSM,,Samoa.mp3,WSM.gif
San Marino,SM,SMR,,San Marino.mp3,SMR.gif
Sao Tome and Principe,ST,STP,,Sao Tome and Principe.mp3,STP.gif
Saudi Arabia,SA,SAU,,Saudi Arabia.mp3,SAU.gif
Senegal,SN,SEN,,Senegal.mp3,SEN.gif
Serbia,RS,SRB,,Serbia.mp3,SRB.gif
Seychelles,SC,SYC,,Seychelles.mp3,SYC.gif
Sierra Leone,SL,SLE,,Sierra Leone.mp3,SLE.gif
Singapore,SG,SGP,,Singapore.mp3,SGP.gif
Sint Maarten (Dutch part),SX,SXM,,Sint Maarten (Dutch part).mp3,SXM.gif
Slovakia,SK,SVK,,Slovakia.mp3,SVK.gif
Slovenia,SI,SVN,,Slovenia.mp3,SVN.gif
Solomon Islands,SB,SLB,,Solomon Islands.mp3,SLB.gif
Somalia,SO,SOM,,Somalia.mp3,SOM.gif
South Africa,ZA,ZAF,,South Africa.mp3,ZAF.gif
South Georgia and the South Sandwich Islands,GS,SGS,,South Georgia and the South Sandwich Islands.mp3,SGS.gif
South Sudan,SS,SSD,,South Sudan.mp3,SSD.gif
Spain,ES,ESP,,Spain.mp3,ESP.gif
Sri Lanka,LK,LKA,,Sri Lanka.mp3,LKA.gif
Sudan,SD,SDN,,Sudan.mp3,SDN.gif
Suriname,SR,SUR,,Suriname.mp3,SUR.gif
Svalbard and Jan Mayen,SJ,SJM,,Svalbard and Jan Mayen.mp3,SJM.gif
Sweden,SE,SWE,,Sweden.mp3,SWE.gif
Switzerland,CH,CHE,,Switzerland.mp3,CHE.gif
Syrian Arab Republic,SY,SYR,,Syrian Arab Republic.mp3,SYR.gif
"Taiwan, Province of China",TW,TWN,,"Taiwan, Province of China.mp3",TWN.gif
Tajikistan,TJ,TJK,,Tajikistan.mp3,TJK.gif
"Tanzania, United Republic of",TZ,TZA,,"Tanzania, United Republic of.mp3",TZA.gif
Thailand,TH,THA,,Thailand.mp3,THA.gif
Timor-Leste,TL,TLS,,Timor-Leste.mp3,TLS.gif
Togo,TG,TGO,,Togo.mp3,TGO.gif
Tokelau,TK,TKL,,Tokelau.mp3,TKL.gif
Tonga,TO,TON,,Tonga.mp3,TON.gif
Trinidad and Tobago,TT,TTO,,Trinidad and Tobago.mp3,TTO.gif
Tunisia,TN,TUN,,Tunisia.mp3,TUN.gif
Turkey,TR,TUR,,Turkey.mp3,TUR.gif
Turkmenistan,TM,TKM,,Turkmenistan.mp3,TKM.gif
Turks and Caicos Islands,TC,TCA,,Turks and Caicos Islands.mp3,TCA.gif
Tuvalu,TV,TUV,,Tuvalu.mp3,TUV.gif
Uganda,UG,UGA,,Uganda.mp3,UGA.gif
Ukraine,UA,UKR,,Ukraine.mp3,UKR.gif
United Arab Emirates,AE,ARE,,United Arab Emirates.mp3,ARE.gif
United Kingdom of Great Britain and Northern Ireland,GB,GBR,,United Kingdom of Great Britain and Northern Ireland.mp3,GBR.gif
United States of America,US,USA,,United States of America.mp3,USA.gif
United States Minor Outlying Islands,UM,UMI,,United States Minor Outlying Islands.mp3,UMI.gif
Uruguay,UY,URY,,Uruguay.mp3,URY.gif
Uzbekistan,UZ,UZB,,Uzbekistan.mp3,UZB.gif
Vanuatu,VU,VUT,,Vanuatu.mp3,VUT.gif
Vatican City,VA,VAT,,Vatican.mp3,VAT.gif
Venezuela (Bolivarian Republic of),VE,VEN,,Venezuela (Bolivarian Republic of).mp3,VEN.gif
Viet Nam,VN,VNM,,Viet Nam.mp3,VNM.gif
Virgin Islands (British),VG,VGB,,Virgin Islands (British).mp3,VGB.gif
Virgin Islands (U.S.),VI,VIR,,Virgin Islands (U.S.).mp3,VIR.gif
Wallis and Futuna,WF,WLF,,Wallis and Futuna.mp3,WLF.gif
Western Sahara,EH,ESH,,Western Sahara.mp3,ESH.gif
Yemen,YE,YEM,,Yemen.mp3,YEM.gif
Zambia,ZM,ZMB,,Zambia.mp3,ZMB.gif
Zimbabwe,ZW,ZWE,,Zimbabwe.mp3,ZWE.gif
